3.07,294.64,294,294,294,294
6.14,295.15,294.01,294,294,294
9.21,295.56,294.04,294,294,294
12.28,295.91,294.1,294,294,294
15.36,296.22,294.17,294,294,294
18.43,296.5,294.26,294.01,294,294
21.5,296.76,294.35,294.02,294,294
24.57,297,294.45,294.04,294,294
27.64,297.22,294.56,294.06,294,294
30.71,297.43,294.67,294.08,294,294
33.78,297.63,294.78,294.11,294.01,294
36.85,297.83,294.89,294.14,294.01,294
39.92,298.01,295,294.17,294.01,294
42.99,298.19,295.11,294.21,294.02,294
46.06,298.35,295.22,294.25,294.03,294
49.13,298.52,295.32,294.29,294.04,294
52.2,298.68,295.43,294.34,294.05,294.01
55.27,298.83,295.54,294.38,294.06,294.01
58.34,298.98,295.64,294.43,294.07,294.01
61.41,299.12,295.75,294.48,294.08,294.01
64.48,299.26,295.85,294.53,294.1,294.02
67.55,299.4,295.95,294.58,294.12,294.02
70.62,299.53,296.05,294.64,294.13,294.03
73.69,299.66,296.15,294.69,294.15,294.03
76.76,299.78,296.25,294.74,294.17,294.04
79.83,299.91,296.34,294.8,294.19,294.05
82.9,300.03,296.44,294.85,294.22,294.06
85.97,300.15,296.53,294.91,294.24,294.07
89.04,300.26,296.62,294.97,294.26,294.08
92.11,300.37,296.71,295.02,294.29,294.09
95.18,300.48,296.8,295.08,294.31,294.1
98.25,300.59,296.89,295.13,294.34,294.11
101.32,300.7,296.98,295.19,294.37,294.13
104.39,300.8,297.07,295.25,294.4,294.14
107.46,300.91,297.15,295.3,294.43,294.16
110.53,301.01,297.24,295.36,294.46,294.18
113.6,301.11,297.32,295.42,294.49,294.19
116.67,301.2,297.4,295.47,294.52,294.21
119.74,301.3,297.49,295.53,294.55,294.23
122.81,301.39,297.57,295.59,294.58,294.25
125.88,301.49,297.65,295.64,294.61,294.27
128.96,301.58,297.72,295.7,294.65,294.29
132.03,301.67,297.8,295.75,294.68,294.31
135.1,301.76,297.88,295.81,294.71,294.34
138.17,301.84,297.96,295.87,294.75,294.36
141.24,301.93,298.03,295.92,294.78,294.39
144.31,302.02,298.1,295.98,294.82,294.41
147.38,302.1,298.18,296.03,294.85,294.44
150.45,302.18,298.25,296.09,294.89,294.46
153.52,302.26,298.32,296.14,294.93,294.49
156.59,302.34,298.39,296.2,294.96,294.52
159.66,302.42,298.47,296.25,295,294.55
162.73,302.5,298.54,296.31,295.04,294.58
165.8,302.58,298.6,296.36,295.08,294.6
168.87,302.65,298.67,296.41,295.12,294.63
171.94,302.73,298.74,296.47,295.15,294.66
175.01,302.8,298.81,296.52,295.19,294.7
178.08,302.88,298.87,296.57,295.23,294.73
181.15,302.95,298.94,296.63,295.27,294.76
184.22,303.02,299.01,296.68,295.31,294.79
187.29,303.09,299.07,296.73,295.35,294.82
190.36,303.16,299.13,296.79,295.39,294.86
193.43,303.23,299.2,296.84,295.43,294.89
196.5,303.3,299.26,296.89,295.47,294.92
199.57,303.37,299.32,296.94,295.51,294.96
202.64,303.44,299.39,296.99,295.55,294.99
205.71,303.5,299.45,297.05,295.59,295.03
208.78,303.57,299.51,297.1,295.63,295.06
211.85,303.63,299.57,297.15,295.67,295.1
214.92,303.7,299.63,297.2,295.71,295.13
217.99,303.76,299.69,297.25,295.75,295.17
221.06,303.83,299.75,297.3,295.8,295.2
224.13,303.89,299.8,297.35,295.84,295.24
227.2,303.95,299.86,297.4,295.88,295.28
230.27,304.01,299.92,297.45,295.92,295.31
233.34,304.07,299.98,297.5,295.96,295.35
236.41,304.13,300.03,297.55,296,295.39
239.48,304.19,300.09,297.6,296.04,295.42
242.55,304.25,300.15,297.65,296.09,295.46
245.62,304.31,300.2,297.7,296.13,295.5
248.69,304.37,300.26,297.75,296.17,295.54
251.76,304.43,300.31,297.8,296.21,295.57
254.83,304.49,300.37,297.84,296.25,295.61
257.91,304.54,300.42,297.89,296.29,295.65
260.98,304.6,300.47,297.94,296.34,295.69
264.05,304.65,300.53,297.99,296.38,295.73
267.12,304.71,300.58,298.04,296.42,295.77
270.19,304.77,300.63,298.08,296.46,295.8
273.26,304.82,300.68,298.13,296.5,295.84
276.33,304.87,300.74,298.18,296.55,295.88
279.4,304.93,300.79,298.22,296.59,295.92
282.47,304.98,300.84,298.27,296.63,295.96
285.54,305.03,300.89,298.32,296.67,296
288.61,305.09,300.94,298.36,296.71,296.04
291.68,305.14,300.99,298.41,296.75,296.08
294.75,305.19,301.04,298.46,296.8,296.12
297.82,305.24,301.09,298.5,296.84,296.15
300.89,305.29,301.14,298.55,296.88,296.19
303.96,305.34,301.19,298.59,296.92,296.23
307.03,305.4,301.24,298.64,296.96,296.27
310.1,305.45,301.29,298.68,297,296.31
313.17,305.5,301.33,298.73,297.04,296.35
316.24,305.54,301.38,298.77,297.09,296.39
319.31,305.59,301.43,298.82,297.13,296.43
322.38,305.64,301.48,298.86,297.17,296.47
325.45,305.69,301.52,298.91,297.21,296.51
328.52,305.74,301.57,298.95,297.25,296.55
331.59,305.79,301.62,299,297.29,296.59
334.66,305.84,301.66,299.04,297.33,296.62
337.73,305.88,301.71,299.08,297.37,296.66
340.8,305.93,301.76,299.13,297.41,296.7
343.87,305.98,301.8,299.17,297.45,296.74
346.94,306.02,301.85,299.21,297.49,296.78
350.01,306.07,301.89,299.26,297.54,296.82
353.08,306.12,301.94,299.3,297.58,296.86
356.15,306.16,301.98,299.34,297.62,296.9
359.22,306.21,302.03,299.38,297.66,296.94
362.29,306.25,302.07,299.43,297.7,296.98
365.36,306.3,302.12,299.47,297.74,297.01
368.43,306.34,302.16,299.51,297.78,297.05
371.5,306.39,302.2,299.55,297.82,297.09
374.57,306.43,302.25,299.6,297.86,297.13
377.64,306.47,302.29,299.64,297.9,297.17
380.71,306.52,302.33,299.68,297.94,297.21
383.78,306.56,302.38,299.72,297.97,297.25
386.85,306.6,302.42,299.76,298.01,297.28
389.92,306.65,302.46,299.8,298.05,297.32
392.99,306.69,302.5,299.84,298.09,297.36
396.06,306.73,302.55,299.88,298.13,297.4
399.13,306.78,302.59,299.92,298.17,297.44
402.2,306.82,302.63,299.96,298.21,297.47
405.27,306.86,302.67,300,298.25,297.51
408.34,306.9,302.71,300.04,298.29,297.55
411.41,306.94,302.75,300.08,298.33,297.59
414.48,306.98,302.79,300.12,298.36,297.63
417.55,307.03,302.83,300.16,298.4,297.66
420.62,307.07,302.88,300.2,298.44,297.7
423.69,307.11,302.92,300.24,298.48,297.74
426.76,307.15,302.96,300.28,298.52,297.78
429.83,307.19,303,300.32,298.56,297.81
432.9,307.23,303.04,300.36,298.59,297.85
435.97,307.27,303.08,300.4,298.63,297.89
439.04,307.31,303.11,300.44,298.67,297.92
442.11,307.35,303.15,300.48,298.71,297.96
445.18,307.39,303.19,300.51,298.74,298
448.25,307.43,303.23,300.55,298.78,298.03
451.32,307.47,303.27,300.59,298.82,298.07
454.39,307.5,303.31,300.63,298.85,298.11
457.46,307.54,303.35,300.67,298.89,298.14
460.53,307.58,303.39,300.7,298.93,298.18
463.6,307.62,303.42,300.74,298.97,298.22
466.67,307.66,303.46,300.78,299,298.25
469.74,307.7,303.5,300.82,299.04,298.29
472.81,307.73,303.54,300.85,299.07,298.32
475.88,307.77,303.58,300.89,299.11,298.36
478.95,307.81,303.61,300.93,299.15,298.39
482.02,307.85,303.65,300.96,299.18,298.43
485.09,307.88,303.69,301,299.22,298.47
488.16,307.92,303.72,301.04,299.26,298.5
491.23,307.96,303.76,301.07,299.29,298.54
494.3,308,303.8,301.11,299.33,298.57
497.37,308.03,303.83,301.15,299.36,298.61
500.44,308.07,303.87,301.18,299.4,298.64
503.51,308.1,303.91,301.22,299.43,298.68
506.58,308.14,303.94,301.25,299.47,298.71
509.65,308.18,303.98,301.29,299.5,298.75
512.72,308.21,304.01,301.32,299.54,298.78
515.8,308.25,304.05,301.36,299.57,298.81
518.87,308.28,304.09,301.39,299.61,298.85
521.94,308.32,304.12,301.43,299.64,298.88
525.02,308.35,304.16,301.46,299.68,298.92
528.09,308.39,304.19,301.5,299.71,298.95
531.17,308.42,304.23,301.53,299.75,298.99
534.24,308.46,304.26,301.57,299.78,299.02
537.31,308.49,304.3,301.6,299.81,299.05
540.39,308.53,304.33,301.64,299.85,299.09
543.46,308.56,304.37,301.67,299.88,299.12
546.54,308.6,304.4,301.71,299.91,299.15
549.61,308.63,304.43,301.74,299.95,299.19
552.68,308.67,304.47,301.77,299.98,299.22
555.76,308.7,304.5,301.81,300.01,299.25
558.83,308.73,304.54,301.84,300.05,299.29
561.91,308.77,304.57,301.87,300.08,299.32
564.98,308.8,304.6,301.91,300.11,299.35
568.05,308.83,304.64,301.94,300.15,299.38
571.13,308.87,304.67,301.97,300.18,299.42
574.2,308.9,304.7,302.01,300.21,299.45
577.28,308.93,304.73,302.04,300.25,299.48
580.35,308.97,304.77,302.07,300.28,299.51
583.43,309,304.8,302.1,300.31,299.55
586.51,309.03,304.83,302.14,300.34,299.58
589.58,309.06,304.87,302.17,300.37,299.61
592.66,309.1,304.9,302.2,300.41,299.64
595.73,309.13,304.93,302.23,300.44,299.67
598.8,309.16,304.96,302.27,300.47,299.7
601.88,308.8,304.99,302.3,300.5,299.74
604.95,308.26,305.02,302.33,300.53,299.77
608.03,307.85,305.03,302.36,300.56,299.8
611.1,307.51,305.02,302.39,300.6,299.83
614.18,307.22,304.98,302.42,300.63,299.86
617.26,306.96,304.93,302.45,300.66,299.89
620.33,306.72,304.87,302.47,300.69,299.92
623.41,306.51,304.8,302.49,300.72,299.95
626.48,306.31,304.73,302.5,300.75,299.98
629.55,306.12,304.65,302.51,300.78,300.01
632.63,305.95,304.57,302.51,300.81,300.04
635.7,305.78,304.49,302.52,300.83,300.08
638.78,305.63,304.41,302.51,300.86,300.1
641.85,305.48,304.33,302.51,300.89,300.13
644.93,305.34,304.26,302.5,300.91,300.16
648.01,305.2,304.18,302.49,300.93,300.19
651.08,305.07,304.1,302.47,300.95,300.22
654.16,304.95,304.02,302.46,300.97,300.25
657.23,304.83,303.95,302.44,300.99,300.28
660.3,304.71,303.87,302.42,301,300.3
663.38,304.6,303.8,302.4,301.02,300.33
666.45,304.49,303.73,302.38,301.03,300.35
669.53,304.39,303.66,302.35,301.04,300.38
672.6,304.29,303.59,302.33,301.05,300.4
675.68,304.19,303.52,302.31,301.06,300.42
678.76,304.09,303.45,302.28,301.07,300.44
681.83,304,303.39,302.25,301.08,300.46
684.91,303.91,303.32,302.23,301.09,300.48
687.98,303.83,303.26,302.2,301.09,300.5
691.05,303.74,303.19,302.17,301.09,300.52
694.13,303.66,303.13,302.15,301.1,300.54
697.2,303.58,303.07,302.12,301.1,300.55
700.28,303.5,303.01,302.09,301.1,300.57
703.35,303.42,302.95,302.06,301.1,300.58
706.43,303.35,302.9,302.03,301.1,300.59
709.51,303.27,302.84,302.01,301.1,300.6
712.58,303.2,302.78,301.98,301.1,300.61
715.66,303.13,302.73,301.95,301.09,300.62
718.73,303.06,302.67,301.92,301.09,300.63
721.8,303,302.62,301.89,301.09,300.64
724.88,302.93,302.57,301.86,301.08,300.65
727.95,302.87,302.52,301.83,301.08,300.65
731.03,302.8,302.47,301.81,301.07,300.66
734.1,302.74,302.42,301.78,301.06,300.66
737.18,302.68,302.37,301.75,301.06,300.67
740.26,302.62,302.32,301.72,301.05,300.67
743.33,302.56,302.27,301.69,301.04,300.67
746.41,302.51,302.23,301.66,301.03,300.67
749.48,302.45,302.18,301.63,301.02,300.67
752.55,302.4,302.13,301.61,301.01,300.67
755.63,302.34,302.09,301.58,301,300.67
758.7,302.29,302.05,301.55,300.99,300.67
761.78,302.24,302,301.52,300.98,300.67
764.85,302.19,301.96,301.5,300.97,300.66
767.92,302.13,301.92,301.47,300.96,300.66
771,302.09,301.87,301.44,300.94,300.66
774.07,302.04,301.83,301.41,300.93,300.65
777.15,301.99,301.79,301.39,300.92,300.65
780.22,301.94,301.75,301.36,300.91,300.64
783.3,301.9,301.71,301.33,300.89,300.63
786.38,301.85,301.67,301.3,300.88,300.63
789.45,301.8,301.64,301.28,300.86,300.62
792.53,301.76,301.6,301.25,300.85,300.61
795.6,301.72,301.56,301.22,300.83,300.6
798.67,301.67,301.52,301.2,300.82,300.59
801.75,301.63,301.49,301.17,300.8,300.59
804.82,301.59,301.45,301.14,300.79,300.58
807.9,301.55,301.41,301.12,300.77,300.57
810.97,301.51,301.38,301.09,300.76,300.56
814.05,301.47,301.34,301.07,300.74,300.55
817.13,301.43,301.31,301.04,300.73,300.53
820.2,301.39,301.27,301.01,300.71,300.52
823.28,301.35,301.24,300.99,300.69,300.51
826.35,301.31,301.21,300.96,300.68,300.5
829.42,301.28,301.17,300.94,300.66,300.49
832.5,301.24,301.14,300.91,300.64,300.47
835.57,301.2,301.11,300.89,300.62,300.46
838.65,301.17,301.08,300.86,300.61,300.45
841.72,301.13,301.04,300.84,300.59,300.44
844.8,301.1,301.01,300.81,300.57,300.42
847.88,301.06,300.98,300.79,300.55,300.41
850.95,301.03,300.95,300.76,300.54,300.39
854.03,301,300.92,300.74,300.52,300.38
857.1,300.96,300.89,300.71,300.5,300.37
860.17,300.93,300.86,300.69,300.48,300.35
863.25,300.9,300.83,300.66,300.46,300.34
866.32,300.86,300.8,300.64,300.45,300.32
869.4,300.83,300.77,300.62,300.43,300.31
872.47,300.8,300.74,300.59,300.41,300.29
875.55,300.77,300.71,300.57,300.39,300.27
878.63,300.74,300.68,300.54,300.37,300.26
881.7,300.71,300.66,300.52,300.35,300.24
884.78,300.68,300.63,300.5,300.33,300.23
887.85,300.65,300.6,300.47,300.32,300.21
890.92,300.62,300.57,300.45,300.3,300.19
894,300.59,300.55,300.43,300.28,300.18
897.07,300.56,300.52,300.4,300.26,300.16
900.15,300.53,300.49,300.38,300.24,300.14
903.22,300.5,300.46,300.36,300.22,300.13
906.3,300.47,300.44,300.33,300.2,300.11
909.38,300.44,300.41,300.31,300.18,300.09
912.45,300.42,300.39,300.29,300.16,300.08
915.53,300.39,300.36,300.27,300.14,300.06
918.6,300.36,300.33,300.24,300.13,300.04
921.67,300.34,300.31,300.22,300.11,300.03
924.75,300.31,300.28,300.2,300.09,300.01
927.82,300.28,300.26,300.18,300.07,299.99
930.9,300.26,300.23,300.15,300.05,299.97
933.97,300.23,300.21,300.13,300.03,299.96
937.05,300.2,300.18,300.11,300.01,299.94
940.13,300.18,300.16,300.09,299.99,299.92
943.2,300.15,300.13,300.07,299.97,299.9
946.28,300.13,300.11,300.04,299.95,299.88
949.35,300.1,300.09,300.02,299.93,299.87
952.42,300.08,300.06,300,299.91,299.85
955.5,300.05,300.04,299.98,299.9,299.83
958.57,300.03,300.02,299.96,299.88,299.81
961.65,300,299.99,299.94,299.86,299.8
964.72,299.98,299.97,299.91,299.84,299.78
967.8,299.95,299.95,299.89,299.82,299.76
970.88,299.93,299.92,299.87,299.8,299.74
973.95,299.91,299.9,299.85,299.78,299.72
977.03,299.88,299.88,299.83,299.76,299.71
980.1,299.86,299.85,299.81,299.74,299.69
983.17,299.84,299.83,299.79,299.72,299.67
986.25,299.81,299.81,299.77,299.7,299.65
989.32,299.79,299.79,299.75,299.69,299.63
992.4,299.77,299.76,299.73,299.67,299.62
995.47,299.74,299.74,299.7,299.65,299.6
998.54,299.72,299.72,299.68,299.63,299.58
1001.6,299.7,299.7,299.66,299.61,299.56
1004.7,299.68,299.68,299.64,299.59,299.54
1007.8,299.66,299.66,299.62,299.57,299.53
1010.8,299.63,299.64,299.6,299.55,299.51
1013.9,299.61,299.61,299.58,299.53,299.49
1017,299.59,299.59,299.56,299.52,299.47
1020.1,299.57,299.57,299.54,299.5,299.45
1023.2,299.55,299.55,299.52,299.48,299.44
1026.2,299.53,299.53,299.5,299.46,299.42
1029.3,299.5,299.51,299.48,299.44,299.4
1032.4,299.48,299.49,299.46,299.42,299.38
1035.4,299.46,299.47,299.44,299.4,299.36
1038.5,299.44,299.45,299.43,299.39,299.35
1041.6,299.42,299.43,299.41,299.37,299.33
1044.6,299.4,299.41,299.39,299.35,299.31
1047.7,299.38,299.39,299.37,299.33,299.29
1050.8,299.36,299.37,299.35,299.31,299.28
1053.8,299.34,299.35,299.33,299.29,299.26
1056.9,299.32,299.33,299.31,299.28,299.24
1060,299.3,299.31,299.29,299.26,299.22
1063.1,299.28,299.29,299.27,299.24,299.21
1066.1,299.26,299.27,299.25,299.22,299.19
1069.2,299.24,299.25,299.23,299.2,299.17
1072.3,299.22,299.23,299.22,299.19,299.15
1075.3,299.2,299.21,299.2,299.17,299.14
1078.4,299.18,299.19,299.18,299.15,299.12
1081.5,299.16,299.17,299.16,299.13,299.1
1084.6,299.14,299.15,299.14,299.11,299.08
1087.6,299.12,299.13,299.12,299.1,299.07
1090.7,299.1,299.12,299.11,299.08,299.05
1093.8,299.09,299.1,299.09,299.06,299.03
1096.8,299.07,299.08,299.07,299.04,299.01
1099.9,299.05,299.06,299.05,299.03,299
1103,299.03,299.04,299.03,299.01,298.98
1106,299.01,299.02,299.01,298.99,298.96
1109.1,298.99,299,299,298.97,298.95
1112.2,298.97,298.99,298.98,298.96,298.93
1115.3,298.96,298.97,298.96,298.94,298.91
1118.3,298.94,298.95,298.94,298.92,298.9
1121.4,298.92,298.93,298.93,298.91,298.88
1124.5,298.9,298.91,298.91,298.89,298.86
1127.5,298.88,298.9,298.89,298.87,298.84
1130.6,298.87,298.88,298.87,298.85,298.83
1133.7,298.85,298.86,298.86,298.84,298.81
1136.7,298.83,298.84,298.84,298.82,298.79
1139.8,298.81,298.83,298.82,298.8,298.78
1142.9,298.79,298.81,298.8,298.79,298.76
1146,298.78,298.79,298.79,298.77,298.75
1149,298.76,298.77,298.77,298.75,298.73
1152.1,298.74,298.76,298.75,298.74,298.71
1155.2,298.73,298.74,298.74,298.72,298.7
1158.2,298.71,298.72,298.72,298.7,298.68
1161.3,298.69,298.7,298.7,298.69,298.66
1164.4,298.67,298.69,298.69,298.67,298.65
1167.4,298.66,298.67,298.67,298.65,298.63
1170.5,298.64,298.65,298.65,298.64,298.61
1173.6,298.62,298.64,298.64,298.62,298.6
1176.7,298.61,298.62,298.62,298.61,298.58
1179.7,298.59,298.6,298.6,298.59,298.57
1182.8,298.57,298.59,298.59,298.57,298.55
1185.9,298.56,298.57,298.57,298.56,298.53
1188.9,298.54,298.55,298.55,298.54,298.52
1192,298.52,298.54,298.54,298.52,298.5
1195.1,298.51,298.52,298.52,298.51,298.49
1198.1,298.49,298.51,298.51,298.49,298.47
1201.2,298.75,298.49,298.49,298.48,298.46
1204.3,299.5,298.47,298.47,298.46,298.44
1207.4,300.05,298.48,298.46,298.45,298.42
1210.4,300.5,298.51,298.44,298.43,298.41
1213.5,300.89,298.57,298.43,298.41,298.39
1216.6,301.23,298.65,298.42,298.4,298.38
1219.6,301.55,298.75,298.41,298.38,298.36
1222.7,301.84,298.85,298.41,298.37,298.35
1225.8,302.11,298.96,298.42,298.35,298.33
1228.8,302.36,299.08,298.43,298.34,298.32
1231.9,302.6,299.2,298.44,298.33,298.3
1235,302.82,299.31,298.46,298.32,298.29
1238.1,303.04,299.43,298.48,298.31,298.27
1241.1,303.24,299.55,298.51,298.3,298.26
1244.2,303.44,299.67,298.55,298.29,298.24
1247.3,303.62,299.79,298.58,298.28,298.23
1250.3,303.81,299.9,298.62,298.28,298.22
1253.4,303.98,300.02,298.66,298.28,298.2
1256.5,304.15,300.13,298.7,298.28,298.19
1259.5,304.31,300.24,298.74,298.28,298.18
1262.6,304.47,300.35,298.79,298.28,298.17
1265.7,304.62,300.46,298.84,298.29,298.16
1268.8,304.77,300.57,298.89,298.29,298.15
1271.8,304.92,300.68,298.94,298.3,298.15
1274.9,305.06,300.78,298.99,298.31,298.14
1278,305.2,300.89,299.04,298.32,298.13
1281,305.33,300.99,299.09,298.33,298.13
1284.1,305.46,301.09,299.14,298.34,298.13
1287.2,305.59,301.19,299.2,298.36,298.12
1290.2,305.71,301.28,299.25,298.37,298.12
1293.3,305.84,301.38,299.3,298.39,298.12
1296.4,305.96,301.48,299.36,298.41,298.12
1299.5,306.07,301.57,299.41,298.43,298.13
1302.5,306.19,301.66,299.47,298.45,298.13
1305.6,306.3,301.75,299.52,298.47,298.13
1308.7,306.41,301.84,299.58,298.49,298.14
1311.7,306.52,301.93,299.63,298.51,298.15
1314.8,306.62,302.02,299.69,298.53,298.15
1317.9,306.73,302.1,299.74,298.56,298.16
1320.9,306.83,302.19,299.8,298.58,298.17
1324,306.93,302.27,299.85,298.61,298.18
1327.1,307.03,302.35,299.91,298.63,298.2
1330.2,307.12,302.43,299.96,298.66,298.21
1333.2,307.22,302.52,300.01,298.69,298.22
1336.3,307.31,302.59,300.07,298.72,298.24
1339.4,307.4,302.67,300.12,298.75,298.25
1342.4,307.49,302.75,300.18,298.77,298.27
1345.5,307.58,302.83,300.23,298.8,298.29
1348.6,307.67,302.9,300.28,298.83,298.31
1351.6,307.76,302.98,300.34,298.87,298.32
1354.7,307.84,303.05,300.39,298.9,298.34
1357.8,307.93,303.12,300.44,298.93,298.37
1360.9,308.01,303.2,300.5,298.96,298.39
1363.9,308.09,303.27,300.55,298.99,298.41
1367,308.17,303.34,300.6,299.03,298.43
1370.1,308.25,303.41,300.65,299.06,298.46
1373.1,308.33,303.48,300.71,299.09,298.48
1376.2,308.4,303.55,300.76,299.13,298.5
1379.3,308.48,303.61,300.81,299.16,298.53
1382.3,308.56,303.68,300.86,299.2,298.55
1385.4,308.63,303.75,300.91,299.23,298.58
1388.5,308.7,303.81,300.96,299.27,298.61
1391.6,308.77,303.88,301.02,299.3,298.64
1394.6,308.85,303.94,301.07,299.34,298.66
1397.7,308.92,304,301.12,299.38,298.69
1400.8,308.99,304.07,301.17,299.41,298.72
1403.8,309.05,304.13,301.22,299.45,298.75
1406.9,309.12,304.19,301.27,299.49,298.78
1410,309.19,304.25,301.32,299.52,298.81
1413,309.26,304.31,301.37,299.56,298.84
1416.1,309.32,304.37,301.42,299.6,298.87
1419.2,309.39,304.43,301.46,299.64,298.9
1422.3,309.45,304.49,301.51,299.67,298.93
1425.3,309.52,304.55,301.56,299.71,298.97
1428.4,309.58,304.61,301.61,299.75,299
1431.5,309.64,304.67,301.66,299.79,299.03
1434.5,309.7,304.72,301.71,299.83,299.06
1437.6,309.76,304.78,301.76,299.86,299.1
1440.7,309.82,304.84,301.8,299.9,299.13
1443.7,309.88,304.89,301.85,299.94,299.16
1446.8,309.94,304.95,301.9,299.98,299.2
1449.9,310,305,301.95,300.02,299.23
1453,310.06,305.06,301.99,300.06,299.27
1456,310.12,305.11,302.04,300.1,299.3
1459.1,310.17,305.16,302.09,300.13,299.33
1462.2,310.23,305.22,302.13,300.17,299.37
1465.2,310.29,305.27,302.18,300.21,299.4
1468.3,310.34,305.32,302.22,300.25,299.44
1471.4,310.4,305.37,302.27,300.29,299.48
1474.4,310.45,305.42,302.32,300.33,299.51
1477.5,310.51,305.48,302.36,300.37,299.55
1480.6,310.56,305.53,302.41,300.41,299.58
1483.7,310.61,305.58,302.45,300.45,299.62
1486.7,310.67,305.63,302.5,300.49,299.65
1489.8,310.72,305.68,302.54,300.53,299.69
1492.9,310.77,305.73,302.59,300.56,299.73
1495.9,310.82,305.78,302.63,300.6,299.76
1499,310.87,305.82,302.68,300.64,299.8
1502.1,310.92,305.87,302.72,300.68,299.83
1505.1,310.97,305.92,302.76,300.72,299.87
1508.2,311.02,305.97,302.81,300.76,299.91
1511.3,311.07,306.02,302.85,300.8,299.94
1514.4,311.12,306.06,302.89,300.84,299.98
1517.4,311.17,306.11,302.94,300.88,300.02
1520.5,311.22,306.16,302.98,300.92,300.05
1523.6,311.27,306.2,303.02,300.96,300.09
1526.6,311.32,306.25,303.07,300.99,300.13
1529.7,311.36,306.3,303.11,301.03,300.16
1532.8,311.41,306.34,303.15,301.07,300.2
1535.8,311.46,306.39,303.19,301.11,300.24
1538.9,311.5,306.43,303.24,301.15,300.27
1542,311.55,306.48,303.28,301.19,300.31
1545.1,311.6,306.52,303.32,301.23,300.35
1548.1,311.64,306.57,303.36,301.26,300.38
1551.2,311.69,306.61,303.4,301.3,300.42
1554.3,311.73,306.65,303.44,301.34,300.46
1557.3,311.78,306.7,303.49,301.38,300.49
1560.4,311.82,306.74,303.53,301.42,300.53
1563.5,311.87,306.78,303.57,301.46,300.57
1566.5,311.91,306.83,303.61,301.49,300.6
1569.6,311.95,306.87,303.65,301.53,300.64
1572.7,312,306.91,303.69,301.57,300.68
1575.8,312.04,306.96,303.73,301.61,300.71
1578.8,312.08,307,303.77,301.65,300.75
1581.9,312.13,307.04,303.81,301.68,300.79
1585,312.17,307.08,303.85,301.72,300.82
1588,312.21,307.12,303.89,301.76,300.86
1591.1,312.25,307.16,303.93,301.8,300.89
1594.2,312.3,307.2,303.97,301.83,300.93
1597.2,312.34,307.25,304.01,301.87,300.97
1600.3,312.38,307.29,304.05,301.91,301
1603.4,312.42,307.33,304.08,301.95,301.04
1606.5,312.46,307.37,304.12,301.98,301.08
1609.5,312.5,307.41,304.16,302.02,301.11
1612.6,312.54,307.45,304.2,302.06,301.15
1615.7,312.58,307.49,304.24,302.09,301.18
1618.7,312.62,307.53,304.28,302.13,301.22
1621.8,312.66,307.56,304.32,302.17,301.25
1624.9,312.7,307.6,304.35,302.2,301.29
1627.9,312.74,307.64,304.39,302.24,301.33
1631,312.78,307.68,304.43,302.28,301.36
1634.1,312.82,307.72,304.47,302.31,301.4
1637.2,312.86,307.76,304.5,302.35,301.43
1640.2,312.9,307.8,304.54,302.38,301.47
1643.3,312.93,307.83,304.58,302.42,301.5
1646.4,312.97,307.87,304.61,302.46,301.54
1649.4,313.01,307.91,304.65,302.49,301.57
1652.5,313.05,307.95,304.69,302.53,301.61
1655.6,313.09,307.99,304.72,302.56,301.64
1658.6,313.12,308.02,304.76,302.6,301.68
1661.7,313.16,308.06,304.8,302.63,301.71
1664.8,313.2,308.1,304.83,302.67,301.74
1667.9,313.23,308.13,304.87,302.7,301.78
1670.9,313.27,308.17,304.9,302.74,301.81
1674,313.31,308.21,304.94,302.77,301.85
1677.1,313.34,308.24,304.98,302.81,301.88
1680.1,313.38,308.28,305.01,302.84,301.92
1683.2,313.42,308.31,305.05,302.88,301.95
1686.3,313.45,308.35,305.08,302.91,301.98
1689.3,313.49,308.39,305.12,302.95,302.02
1692.4,313.52,308.42,305.15,302.98,302.05
1695.5,313.56,308.46,305.19,303.01,302.08
1698.6,313.6,308.49,305.22,303.05,302.12
1701.6,313.63,308.53,305.26,303.08,302.15
1704.7,313.67,308.56,305.29,303.11,302.18
1707.8,313.7,308.6,305.32,303.15,302.22
1710.8,313.73,308.63,305.36,303.18,302.25
1713.9,313.77,308.66,305.39,303.22,302.28
1717,313.8,308.7,305.43,303.25,302.32
1720,313.84,308.73,305.46,303.28,302.35
1723.1,313.87,308.77,305.49,303.32,302.38
1726.2,313.91,308.8,305.53,303.35,302.42
1729.3,313.94,308.84,305.56,303.38,302.45
1732.3,313.97,308.87,305.59,303.41,302.48
1735.4,314.01,308.9,305.63,303.45,302.51
1738.5,314.04,308.94,305.66,303.48,302.54
1741.5,314.07,308.97,305.69,303.51,302.58
1744.6,314.11,309,305.73,303.54,302.61
1747.7,314.14,309.03,305.76,303.58,302.64
1750.7,314.17,309.07,305.79,303.61,302.67
1753.8,314.21,309.1,305.82,303.64,302.7
1756.9,314.24,309.13,305.86,303.67,302.74
1760,314.27,309.16,305.89,303.7,302.77
1763,314.3,309.2,305.92,303.74,302.8
1766.1,314.33,309.23,305.95,303.77,302.83
1769.2,314.37,309.26,305.98,303.8,302.86
1772.2,314.4,309.29,306.02,303.83,302.89
1775.3,314.43,309.33,306.05,303.86,302.92
1778.4,314.46,309.36,306.08,303.89,302.95
1781.4,314.49,309.39,306.11,303.92,302.98
1784.5,314.52,309.42,306.14,303.95,303.02
1787.6,314.56,309.45,306.17,303.99,303.05
1790.7,314.59,309.48,306.2,304.02,303.08
1793.7,314.62,309.51,306.23,304.05,303.11
1796.8,314.65,309.54,306.26,304.08,303.14
1799.9,314.68,309.57,306.3,304.11,303.17
1802.9,313.97,309.61,306.33,304.14,303.2
1806,313.37,309.63,306.36,304.17,303.23
1809.1,312.9,309.62,306.39,304.2,303.26
1812.1,312.5,309.58,306.42,304.23,303.29
1815.2,312.15,309.53,306.44,304.26,303.32
1818.3,311.84,309.45,306.46,304.29,303.35
1821.4,311.55,309.36,306.48,304.32,303.38
1824.4,311.29,309.27,306.49,304.35,303.41
1827.5,311.04,309.17,306.5,304.37,303.43
1830.6,310.81,309.07,306.5,304.4,303.46
1833.6,310.6,308.97,306.5,304.43,303.49
1836.7,310.39,308.86,306.49,304.45,303.52
1839.8,310.2,308.76,306.48,304.48,303.55
1842.8,310.01,308.65,306.46,304.5,303.58
1845.9,309.83,308.55,306.44,304.52,303.61
1849,309.66,308.45,306.42,304.54,303.63
1852.1,309.5,308.35,306.39,304.55,303.66
1855.1,309.34,308.24,306.36,304.57,303.68
1858.2,309.19,308.15,306.33,304.58,303.71
1861.3,309.05,308.05,306.3,304.59,303.73
1864.3,308.9,307.95,306.27,304.6,303.76
1867.4,308.77,307.86,306.23,304.61,303.78
1870.5,308.63,307.76,306.2,304.62,303.8
1873.5,308.5,307.67,306.16,304.62,303.82
1876.6,308.38,307.58,306.12,304.62,303.84
1879.7,308.26,307.49,306.09,304.63,303.86
1882.8,308.14,307.41,306.05,304.63,303.88
1885.8,308.02,307.32,306.01,304.63,303.89
1888.9,307.91,307.23,305.97,304.63,303.91
1892,307.8,307.15,305.93,304.62,303.92
1895,307.69,307.07,305.89,304.62,303.93
1898.1,307.59,306.99,305.84,304.61,303.94
1901.2,307.49,306.91,305.8,304.61,303.95
1904.2,307.39,306.83,305.76,304.6,303.96
1907.3,307.29,306.75,305.72,304.59,303.97
1910.4,307.19,306.68,305.68,304.58,303.98
1913.5,307.1,306.6,305.64,304.57,303.98
1916.5,307.01,306.53,305.59,304.56,303.99
1919.6,306.92,306.46,305.55,304.55,303.99
1922.7,306.83,306.39,305.51,304.54,303.99
1925.7,306.74,306.32,305.47,304.52,303.99
1928.8,306.66,306.25,305.43,304.51,303.99
1931.9,306.57,306.18,305.38,304.5,303.99
1934.9,306.49,306.11,305.34,304.48,303.99
1938,306.41,306.05,305.3,304.46,303.99
1941.1,306.33,305.98,305.26,304.45,303.98
1944.2,306.26,305.92,305.22,304.43,303.98
1947.2,306.18,305.85,305.18,304.41,303.97
1950.3,306.11,305.79,305.14,304.39,303.96
1953.4,306.03,305.73,305.09,304.37,303.96
1956.4,305.96,305.67,305.05,304.36,303.95
1959.5,305.89,305.61,305.01,304.34,303.94
1962.6,305.82,305.55,304.97,304.32,303.93
1965.6,305.75,305.49,304.93,304.29,303.92
1968.7,305.69,305.43,304.89,304.27,303.91
1971.8,305.62,305.37,304.85,304.25,303.9
1974.9,305.55,305.32,304.81,304.23,303.88
1977.9,305.49,305.26,304.77,304.21,303.87
1981,305.43,305.21,304.73,304.18,303.86
1984.1,305.36,305.15,304.69,304.16,303.84
1987.1,305.3,305.1,304.65,304.14,303.83
1990.2,305.24,305.04,304.61,304.11,303.81
1993.3,305.18,304.99,304.58,304.09,303.8
1996.3,305.12,304.94,304.54,304.07,303.78
1999.4,305.06,304.89,304.5,304.04,303.76
2002.5,305.01,304.84,304.46,304.02,303.74
2005.6,304.95,304.79,304.42,303.99,303.73
2008.6,304.89,304.74,304.38,303.97,303.71
2011.7,304.84,304.69,304.34,303.94,303.69
2014.8,304.78,304.64,304.31,303.91,303.67
2017.8,304.73,304.59,304.27,303.89,303.65
2020.9,304.68,304.54,304.23,303.86,303.63
2024,304.62,304.49,304.19,303.83,303.61
2027,304.57,304.45,304.16,303.81,303.59
2030.1,304.52,304.4,304.12,303.78,303.57
2033.2,304.47,304.36,304.08,303.75,303.55
2036.3,304.42,304.31,304.05,303.73,303.52
2039.3,304.37,304.26,304.01,303.7,303.5
2042.4,304.32,304.22,303.97,303.67,303.48
2045.5,304.27,304.18,303.94,303.65,303.46
2048.5,304.22,304.13,303.9,303.62,303.43
2051.6,304.18,304.09,303.86,303.59,303.41
2054.7,304.13,304.04,303.83,303.56,303.39
2057.8,304.08,304,303.79,303.53,303.36
2060.8,304.04,303.96,303.76,303.51,303.34
2063.9,303.99,303.92,303.72,303.48,303.32
2067,303.95,303.88,303.69,303.45,303.29
2070.1,303.9,303.83,303.65,303.42,303.27
2073.2,303.86,303.79,303.61,303.39,303.24
2076.2,303.81,303.75,303.58,303.36,303.22
2079.3,303.77,303.71,303.54,303.34,303.19
2082.4,303.73,303.67,303.51,303.31,303.17
2085.5,303.68,303.63,303.48,303.28,303.14
2088.5,303.64,303.59,303.44,303.25,303.12
2091.6,303.6,303.55,303.41,303.22,303.09
2094.7,303.56,303.51,303.37,303.19,303.06
2097.8,303.52,303.47,303.34,303.16,303.04
2100.8,303.48,303.44,303.3,303.13,303.01
2103.9,303.44,303.4,303.27,303.11,302.99
2107,303.4,303.36,303.24,303.08,302.96
2110.1,303.36,303.32,303.2,303.05,302.93
2113.2,303.32,303.29,303.17,303.02,302.91
2116.2,303.28,303.25,303.14,302.99,302.88
2119.3,303.24,303.21,303.1,302.96,302.85
2122.4,303.2,303.17,303.07,302.93,302.83
2125.5,303.16,303.14,303.04,302.9,302.8
2128.5,303.12,303.1,303.01,302.87,302.77
2131.6,303.09,303.07,302.97,302.85,302.75
2134.7,303.05,303.03,302.94,302.82,302.72
2137.8,303.01,303,302.91,302.79,302.69
2140.8,302.98,302.96,302.88,302.76,302.67
2143.9,302.94,302.93,302.84,302.73,302.64
2147,302.9,302.89,302.81,302.7,302.61
2150.1,302.87,302.86,302.78,302.67,302.59
2153.2,302.83,302.82,302.75,302.64,302.56
2156.2,302.8,302.79,302.72,302.62,302.53
2159.3,302.76,302.75,302.69,302.59,302.5
2162.4,302.73,302.72,302.65,302.56,302.48
2165.5,302.69,302.69,302.62,302.53,302.45
2168.5,302.66,302.65,302.59,302.5,302.42
2171.6,302.62,302.62,302.56,302.47,302.4
2174.7,302.59,302.59,302.53,302.44,302.37
2177.8,302.56,302.55,302.5,302.42,302.34
2180.8,302.52,302.52,302.47,302.39,302.32
2183.9,302.49,302.49,302.44,302.36,302.29
2187,302.45,302.46,302.41,302.33,302.26
2190.1,302.42,302.42,302.38,302.3,302.23
2193.2,302.39,302.39,302.35,302.27,302.21
2196.2,302.36,302.36,302.32,302.25,302.18
2199.3,302.32,302.33,302.29,302.22,302.15
2202.4,302.29,302.3,302.26,302.19,302.13
2205.5,302.26,302.27,302.23,302.16,302.1
2208.5,302.23,302.23,302.2,302.13,302.07
2211.6,302.2,302.2,302.17,302.11,302.05
2214.7,302.16,302.17,302.14,302.08,302.02
2217.8,302.13,302.14,302.11,302.05,301.99
2220.8,302.1,302.11,302.08,302.02,301.97
2223.9,302.07,302.08,302.05,302,301.94
2227,302.04,302.05,302.02,301.97,301.91
2230.1,302.01,302.02,301.99,301.94,301.89
2233.2,301.98,301.99,301.96,301.91,301.86
2236.2,301.95,301.96,301.94,301.89,301.83
2239.3,301.92,301.93,301.91,301.86,301.81
2242.4,301.89,301.9,301.88,301.83,301.78
2245.5,301.86,301.87,301.85,301.8,301.75
2248.5,301.83,301.84,301.82,301.78,301.73
2251.6,301.8,301.82,301.79,301.75,301.7
2254.7,301.77,301.79,301.77,301.72,301.67
2257.8,301.74,301.76,301.74,301.7,301.65
2260.8,301.71,301.73,301.71,301.67,301.62
2263.9,301.68,301.7,301.68,301.64,301.6
2267,301.66,301.67,301.65,301.62,301.57
2270.1,301.63,301.64,301.63,301.59,301.54
2273.2,301.6,301.62,301.6,301.56,301.52
2276.2,301.57,301.59,301.57,301.54,301.49
2279.3,301.54,301.56,301.55,301.51,301.47
2282.4,301.51,301.53,301.52,301.48,301.44
2285.5,301.49,301.5,301.49,301.46,301.41
2288.5,301.46,301.48,301.46,301.43,301.39
2291.6,301.43,301.45,301.44,301.41,301.36
2294.7,301.4,301.42,301.41,301.38,301.34
2297.8,301.38,301.39,301.38,301.35,301.31
2300.8,301.35,301.37,301.36,301.33,301.29
2303.9,301.32,301.34,301.33,301.3,301.26
2307,301.29,301.31,301.31,301.28,301.24
2310.1,301.27,301.29,301.28,301.25,301.21
2313.2,301.24,301.26,301.25,301.23,301.19
2316.2,301.21,301.23,301.23,301.2,301.16
2319.3,301.19,301.21,301.2,301.17,301.14
2322.4,301.16,301.18,301.18,301.15,301.11
2325.5,301.13,301.16,301.15,301.12,301.09
2328.5,301.11,301.13,301.12,301.1,301.06
2331.6,301.08,301.1,301.1,301.07,301.04
2334.7,301.06,301.08,301.07,301.05,301.01
2337.8,301.03,301.05,301.05,301.02,300.99
2340.8,301,301.03,301.02,301,300.96
2343.9,300.98,301,301,300.97,300.94
2347,300.95,300.97,300.97,300.95,300.92
2350.1,300.93,300.95,300.95,300.93,300.89
2353.2,300.9,300.92,300.92,300.9,300.87
2356.2,300.88,300.9,300.9,300.88,300.84
2359.3,300.85,300.87,300.87,300.85,300.82
2362.4,300.83,300.85,300.85,300.83,300.79
2365.5,300.8,300.82,300.82,300.8,300.77
2368.5,300.78,300.8,300.8,300.78,300.75
2371.6,300.75,300.78,300.77,300.76,300.72
2374.7,300.73,300.75,300.75,300.73,300.7
2377.8,300.7,300.73,300.73,300.71,300.68
2380.8,300.68,300.7,300.7,300.68,300.65
2383.9,300.66,300.68,300.68,300.66,300.63
2387,300.63,300.65,300.65,300.64,300.61
2390.1,300.61,300.63,300.63,300.61,300.58
2393.2,300.58,300.61,300.61,300.59,300.56
2396.2,300.56,300.58,300.58,300.57,300.54
2399.3,300.54,300.56,300.56,300.54,300.51
2402.4,301.11,300.53,300.54,300.52,300.49
2405.5,301.76,300.52,300.51,300.5,300.47
2408.5,302.26,300.52,300.49,300.47,300.44
2411.6,302.67,300.56,300.47,300.45,300.42
2414.7,303.04,300.62,300.45,300.43,300.4
2417.8,303.36,300.7,300.43,300.41,300.38
2420.8,303.66,300.8,300.42,300.38,300.35
2423.9,303.94,300.9,300.41,300.36,300.33
2427,304.19,301,300.41,300.34,300.31
2430.1,304.43,301.11,300.42,300.32,300.29
2433.2,304.66,301.22,300.43,300.3,300.26
2436.2,304.87,301.33,300.44,300.28,300.24
2439.3,305.08,301.44,300.46,300.26,300.22
2442.4,305.27,301.56,300.48,300.25,300.2
2445.5,305.46,301.67,300.51,300.24,300.18
2448.5,305.63,301.78,300.54,300.22,300.16
2451.6,305.81,301.89,300.57,300.21,300.14
2454.7,305.97,301.99,300.61,300.21,300.12
2457.8,306.13,302.1,300.64,300.2,300.1
2460.8,306.29,302.21,300.68,300.19,300.08
2463.9,306.44,302.31,300.72,300.19,300.07
2467,306.58,302.41,300.76,300.19,300.05
2470.1,306.72,302.51,300.8,300.19,300.03
2473.2,306.86,302.61,300.85,300.19,300.02
2476.2,306.99,302.71,300.89,300.19,300.01
2479.3,307.12,302.8,300.94,300.2,300
2482.4,307.25,302.9,300.98,300.2,299.99
2485.5,307.37,302.99,301.03,300.21,299.98
2488.5,307.49,303.08,301.08,300.22,299.97
2491.6,307.61,303.17,301.12,300.23,299.96
2494.7,307.72,303.26,301.17,300.24,299.95
2497.8,307.83,303.35,301.22,300.25,299.95
2500.8,307.94,303.44,301.27,300.26,299.95
2503.9,308.05,303.52,301.31,300.27,299.94
2507,308.15,303.6,301.36,300.29,299.94
2510.1,308.26,303.69,301.41,300.3,299.94
2513.2,308.36,303.77,301.46,300.32,299.94
2516.2,308.45,303.85,301.51,300.34,299.94
2519.3,308.55,303.93,301.56,300.36,299.95
2522.4,308.65,304.01,301.6,300.37,299.95
2525.5,308.74,304.08,301.65,300.39,299.96
2528.5,308.83,304.16,301.7,300.41,299.96
2531.6,308.92,304.23,301.75,300.43,299.97
2534.7,309.01,304.31,301.8,300.46,299.98
2537.8,309.09,304.38,301.84,300.48,299.99
2540.8,309.18,304.45,301.89,300.5,300
2543.9,309.26,304.52,301.94,300.52,300.01
2547,309.35,304.59,301.99,300.55,300.02
2550.1,309.43,304.66,302.03,300.57,300.03
2553.2,309.51,304.73,302.08,300.6,300.04
2556.2,309.58,304.8,302.13,300.62,300.06
2559.3,309.66,304.86,302.18,300.65,300.07
2562.4,309.74,304.93,302.22,300.68,300.09
2565.5,309.81,304.99,302.27,300.7,300.11
2568.5,309.89,305.06,302.32,300.73,300.12
2571.6,309.96,305.12,302.36,300.76,300.14
2574.7,310.03,305.18,302.41,300.79,300.16
2577.8,310.1,305.25,302.45,300.81,300.18
2580.8,310.17,305.31,302.5,300.84,300.2
2583.9,310.24,305.37,302.55,300.87,300.22
2587,310.31,305.43,302.59,300.9,300.24
2590.1,310.37,305.49,302.64,300.93,300.26
2593.2,310.44,305.55,302.68,300.96,300.28
2596.2,310.5,305.6,302.73,300.99,300.3
2599.3,310.57,305.66,302.77,301.02,300.33
2602.4,310.63,305.72,302.81,301.05,300.35
2605.5,310.69,305.77,302.86,301.08,300.37
2608.5,310.76,305.83,302.9,301.11,300.4
2611.6,310.82,305.88,302.95,301.15,300.42
2614.7,310.88,305.94,302.99,301.18,300.45
2617.8,310.94,305.99,303.03,301.21,300.47
2620.8,311,306.05,303.08,301.24,300.5
2623.9,311.06,306.1,303.12,301.27,300.53
2627,311.11,306.15,303.16,301.3,300.55
2630.1,311.17,306.2,303.21,301.34,300.58
2633.2,311.23,306.26,303.25,301.37,300.61
2636.2,311.28,306.31,303.29,301.4,300.63
2639.3,311.34,306.36,303.33,301.44,300.66
2642.4,311.39,306.41,303.38,301.47,300.69
2645.5,311.45,306.46,303.42,301.5,300.72
2648.5,311.5,306.51,303.46,301.53,300.74
2651.6,311.55,306.56,303.5,301.57,300.77
2654.7,311.6,306.61,303.54,301.6,300.8
2657.8,311.66,306.65,303.58,301.63,300.83
2660.8,311.71,306.7,303.62,301.67,300.86
2663.9,311.76,306.75,303.67,301.7,300.89
2667,311.81,306.8,303.71,301.74,300.92
2670.1,311.86,306.84,303.75,301.77,300.95
2673.2,311.91,306.89,303.79,301.8,300.98
2676.2,311.96,306.94,303.83,301.84,301.01
2679.3,312.01,306.98,303.87,301.87,301.04
2682.4,312.05,307.03,303.91,301.9,301.07
2685.5,312.1,307.07,303.95,301.94,301.1
2688.5,312.15,307.12,303.99,301.97,301.13
2691.6,312.2,307.16,304.03,302.01,301.16
2694.7,312.24,307.2,304.07,302.04,301.19
2697.8,312.29,307.25,304.1,302.07,301.22
2700.8,312.33,307.29,304.14,302.11,301.26
2703.9,312.38,307.34,304.18,302.14,301.29
2707,312.42,307.38,304.22,302.18,301.32
2710.1,312.47,307.42,304.26,302.21,301.35
2713.2,312.51,307.46,304.3,302.24,301.38
2716.2,312.56,307.5,304.34,302.28,301.41
2719.3,312.6,307.55,304.37,302.31,301.44
2722.4,312.64,307.59,304.41,302.34,301.48
2725.5,312.69,307.63,304.45,302.38,301.51
2728.5,312.73,307.67,304.49,302.41,301.54
2731.6,312.77,307.71,304.53,302.45,301.57
2734.7,312.81,307.75,304.56,302.48,301.6
2737.8,312.86,307.79,304.6,302.51,301.63
2740.8,312.9,307.83,304.64,302.55,301.67
2743.9,312.94,307.87,304.67,302.58,301.7
2747,312.98,307.91,304.71,302.61,301.73
2750.1,313.02,307.95,304.75,302.65,301.76
2753.2,313.06,307.99,304.78,302.68,301.79
2756.2,313.1,308.03,304.82,302.72,301.82
2759.3,313.14,308.07,304.86,302.75,301.86
2762.4,313.18,308.11,304.89,302.78,301.89
2765.5,313.22,308.14,304.93,302.82,301.92
2768.5,313.26,308.18,304.96,302.85,301.95
2771.6,313.3,308.22,305,302.88,301.98
2774.7,313.34,308.26,305.04,302.92,302.02
2777.8,313.37,308.29,305.07,302.95,302.05
2780.8,313.41,308.33,305.11,302.98,302.08
2783.9,313.45,308.37,305.14,303.01,302.11
2787,313.49,308.41,305.18,303.05,302.14
2790.1,313.53,308.44,305.21,303.08,302.17
2793.2,313.56,308.48,305.25,303.11,302.21
2796.2,313.6,308.51,305.28,303.15,302.24
2799.3,313.64,308.55,305.31,303.18,302.27
2802.4,313.67,308.59,305.35,303.21,302.3
2805.5,313.71,308.62,305.38,303.24,302.33
2808.5,313.75,308.66,305.42,303.28,302.36
2811.6,313.78,308.69,305.45,303.31,302.39
2814.7,313.82,308.73,305.49,303.34,302.43
2817.8,313.85,308.76,305.52,303.37,302.46
2820.8,313.89,308.8,305.55,303.4,302.49
2823.9,313.92,308.83,305.59,303.44,302.52
2827,313.96,308.87,305.62,303.47,302.55
2830.1,313.99,308.9,305.65,303.5,302.58
2833.2,314.03,308.94,305.69,303.53,302.61
2836.2,314.06,308.97,305.72,303.56,302.64
2839.3,314.1,309,305.75,303.59,302.67
2842.4,314.13,309.04,305.78,303.63,302.7
2845.5,314.16,309.07,305.82,303.66,302.73
2848.5,314.2,309.1,305.85,303.69,302.77
2851.6,314.23,309.14,305.88,303.72,302.8
2854.7,314.26,309.17,305.91,303.75,302.83
2857.8,314.3,309.2,305.95,303.78,302.86
2860.8,314.33,309.24,305.98,303.81,302.89
2863.9,314.36,309.27,306.01,303.84,302.92
2867,314.4,309.3,306.04,303.87,302.95
2870.1,314.43,309.33,306.07,303.91,302.98
2873.2,314.46,309.37,306.1,303.94,303.01
2876.2,314.49,309.4,306.13,303.97,303.04
2879.3,314.53,309.43,306.17,304,303.07
2882.4,314.56,309.46,306.2,304.03,303.1
2885.5,314.59,309.49,306.23,304.06,303.13
2888.5,314.62,309.52,306.26,304.09,303.16
2891.6,314.65,309.56,306.29,304.12,303.19
2894.7,314.68,309.59,306.32,304.15,303.22
2897.8,314.72,309.62,306.35,304.18,303.24
2900.8,314.75,309.65,306.38,304.21,303.27
2903.9,314.78,309.68,306.41,304.24,303.3
2907,314.81,309.71,306.44,304.27,303.33
2910.1,314.84,309.74,306.47,304.3,303.36
2913.2,314.87,309.77,306.5,304.33,303.39
2916.2,314.9,309.8,306.53,304.35,303.42
2919.3,314.93,309.83,306.56,304.38,303.45
2922.4,314.96,309.86,306.59,304.41,303.48
2925.5,314.99,309.89,306.62,304.44,303.51
2928.5,315.02,309.92,306.65,304.47,303.53
2931.6,315.05,309.95,306.68,304.5,303.56
2934.7,315.08,309.98,306.71,304.53,303.59
2937.8,315.11,310.01,306.74,304.56,303.62
2940.8,315.14,310.04,306.77,304.59,303.65
2943.9,315.17,310.07,306.8,304.61,303.68
2947,315.2,310.1,306.82,304.64,303.7
2950.1,315.23,310.13,306.85,304.67,303.73
2953.2,315.25,310.16,306.88,304.7,303.76
2956.2,315.28,310.18,306.91,304.73,303.79
2959.3,315.31,310.21,306.94,304.75,303.81
2962.4,315.34,310.24,306.97,304.78,303.84
2965.5,315.37,310.27,306.99,304.81,303.87
2968.5,315.4,310.3,307.02,304.84,303.9
2971.6,315.43,310.33,307.05,304.87,303.92
2974.7,315.45,310.35,307.08,304.89,303.95
2977.8,315.48,310.38,307.11,304.92,303.98
2980.8,315.51,310.41,307.13,304.95,304.01
2983.9,315.54,310.44,307.16,304.98,304.03
2987,315.56,310.46,307.19,305,304.06
2990.1,315.59,310.49,307.22,305.03,304.09
2993.2,315.62,310.52,307.24,305.06,304.11
2996.2,315.65,310.55,307.27,305.08,304.14
2999.3,315.67,310.57,307.3,305.11,304.17
3002.4,315.1,310.6,307.32,305.14,304.19
3005.5,314.46,310.62,307.35,305.16,304.22
3008.5,313.96,310.62,307.38,305.19,304.25
3011.6,313.55,310.58,307.4,305.22,304.27
3014.7,313.19,310.52,307.43,305.24,304.3
3017.8,312.87,310.45,307.45,305.27,304.32
3020.8,312.57,310.36,307.46,305.29,304.35
3023.9,312.3,310.26,307.47,305.32,304.38
3027,312.05,310.16,307.47,305.34,304.4
3030.1,311.81,310.06,307.47,305.37,304.43
3033.2,311.59,309.95,307.47,305.39,304.45
3036.2,311.38,309.84,307.45,305.41,304.48
3039.3,311.18,309.73,307.44,305.43,304.5
3042.4,310.99,309.62,307.42,305.45,304.53
3045.5,310.81,309.52,307.4,305.47,304.55
3048.5,310.63,309.41,307.37,305.48,304.57
3051.6,310.46,309.3,307.34,305.5,304.6
3054.7,310.3,309.2,307.31,305.51,304.62
3057.8,310.15,309.1,307.28,305.52,304.64
3060.8,309.99,309,307.24,305.53,304.66
3063.9,309.85,308.89,307.21,305.53,304.68
3067,309.71,308.8,307.17,305.54,304.7
3070.1,309.57,308.7,307.13,305.54,304.72
3073.2,309.44,308.6,307.09,305.54,304.74
3076.2,309.31,308.51,307.05,305.54,304.75
3079.3,309.18,308.42,307.01,305.54,304.77
3082.4,309.06,308.33,306.96,305.54,304.78
3085.5,308.94,308.24,306.92,305.54,304.8
3088.5,308.82,308.15,306.88,305.53,304.81
3091.6,308.71,308.06,306.83,305.52,304.82
3094.7,308.6,307.97,306.79,305.52,304.83
3097.8,308.49,307.89,306.74,305.51,304.83
3100.8,308.38,307.81,306.7,305.5,304.84
3103.9,308.28,307.73,306.65,305.49,304.85
3107,308.18,307.65,306.61,305.48,304.85
3110.1,308.08,307.57,306.56,305.47,304.85
3113.2,307.98,307.49,306.52,305.45,304.86
3116.2,307.89,307.41,306.47,305.44,304.86
3119.3,307.79,307.33,306.43,305.42,304.86
3122.4,307.7,307.26,306.38,305.41,304.86
3125.5,307.61,307.19,306.34,305.39,304.85
3128.5,307.52,307.11,306.29,305.37,304.85
3131.6,307.44,307.04,306.25,305.36,304.85
3134.7,307.35,306.97,306.2,305.34,304.84
3137.8,307.27,306.9,306.16,305.32,304.84
3140.8,307.19,306.83,306.11,305.3,304.83
3143.9,307.1,306.77,306.07,305.28,304.82
3147,307.03,306.7,306.02,305.26,304.81
3150.1,306.95,306.63,305.98,305.24,304.8
3153.2,306.87,306.57,305.94,305.21,304.79
3156.2,306.8,306.5,305.89,305.19,304.78
3159.3,306.72,306.44,305.85,305.17,304.77
3162.4,306.65,306.38,305.8,305.14,304.76
3165.5,306.58,306.32,305.76,305.12,304.74
3168.5,306.51,306.25,305.72,305.1,304.73
3171.6,306.44,306.19,305.67,305.07,304.71
3174.7,306.37,306.13,305.63,305.05,304.7
3177.8,306.3,306.08,305.59,305.02,304.68
3180.8,306.23,306.02,305.54,305,304.66
3183.9,306.17,305.96,305.5,304.97,304.65
3187,306.1,305.9,305.46,304.94,304.63
3190.1,306.04,305.85,305.42,304.92,304.61
3193.2,305.98,305.79,305.38,304.89,304.59
3196.2,305.91,305.74,305.33,304.86,304.57
3199.3,305.85,305.68,305.29,304.83,304.55
3202.4,305.79,305.63,305.25,304.81,304.53
3205.5,305.73,305.57,305.21,304.78,304.51
3208.5,305.67,305.52,305.17,304.75,304.49
3211.6,305.62,305.47,305.13,304.72,304.47
3214.7,305.56,305.42,305.09,304.69,304.45
3217.8,305.5,305.37,305.05,304.66,304.42
3220.8,305.44,305.31,305,304.63,304.4
3223.9,305.39,305.26,304.96,304.6,304.38
3227,305.33,305.21,304.92,304.58,304.35
3230.1,305.28,305.16,304.88,304.55,304.33
3233.2,305.23,305.12,304.84,304.52,304.3
3236.2,305.17,305.07,304.8,304.49,304.28
3239.3,305.12,305.02,304.77,304.46,304.25
3242.4,305.07,304.97,304.73,304.43,304.23
3245.5,305.02,304.92,304.69,304.4,304.2
3248.5,304.97,304.88,304.65,304.36,304.18
3251.6,304.92,304.83,304.61,304.33,304.15
3254.7,304.87,304.79,304.57,304.3,304.13
3257.8,304.82,304.74,304.53,304.27,304.1
3260.8,304.77,304.69,304.49,304.24,304.07
3263.9,304.72,304.65,304.45,304.21,304.05
3267,304.67,304.61,304.42,304.18,304.02
3270.1,304.63,304.56,304.38,304.15,303.99
3273.2,304.58,304.52,304.34,304.12,303.96
3276.2,304.53,304.47,304.3,304.09,303.94
3279.3,304.49,304.43,304.27,304.06,303.91
3282.4,304.44,304.39,304.23,304.02,303.88
3285.5,304.4,304.35,304.19,303.99,303.85
3288.5,304.35,304.3,304.15,303.96,303.83
3291.6,304.31,304.26,304.12,303.93,303.8
3294.7,304.26,304.22,304.08,303.9,303.77
3297.8,304.22,304.18,304.04,303.87,303.74
3300.8,304.17,304.14,304.01,303.84,303.71
3303.9,304.13,304.1,303.97,303.8,303.68
3307,304.09,304.06,303.93,303.77,303.65
3310.1,304.05,304.02,303.9,303.74,303.63
3313.2,304.01,303.98,303.86,303.71,303.6
3316.2,303.96,303.94,303.83,303.68,303.57
3319.3,303.92,303.9,303.79,303.65,303.54
3322.4,303.88,303.86,303.76,303.62,303.51
3325.5,303.84,303.82,303.72,303.58,303.48
3328.5,303.8,303.78,303.69,303.55,303.45
3331.6,303.76,303.74,303.65,303.52,303.42
3334.7,303.72,303.7,303.62,303.49,303.39
3337.8,303.68,303.67,303.58,303.46,303.36
3340.8,303.64,303.63,303.55,303.43,303.33
3343.9,303.6,303.59,303.51,303.4,303.3
3347,303.56,303.55,303.48,303.37,303.27
3350.1,303.53,303.52,303.44,303.33,303.25
3353.2,303.49,303.48,303.41,303.3,303.22
3356.2,303.45,303.44,303.37,303.27,303.19
3359.3,303.41,303.41,303.34,303.24,303.16
3362.4,303.38,303.37,303.31,303.21,303.13
3365.5,303.34,303.34,303.27,303.18,303.1
3368.5,303.3,303.3,303.24,303.15,303.07
3371.6,303.27,303.26,303.21,303.12,303.04
3374.7,303.23,303.23,303.17,303.09,303.01
3377.8,303.19,303.19,303.14,303.06,302.98
3380.8,303.16,303.16,303.11,303.03,302.95
3383.9,303.12,303.12,303.07,302.99,302.92
3387,303.09,303.09,303.04,302.96,302.89
3390.1,303.05,303.06,303.01,302.93,302.86
3393.2,303.02,303.02,302.98,302.9,302.83
3396.2,302.98,302.99,302.94,302.87,302.8
3399.3,302.95,302.95,302.91,302.84,302.78
3402.4,302.91,302.92,302.88,302.81,302.75
3405.5,302.88,302.89,302.85,302.78,302.72
3408.5,302.84,302.85,302.82,302.75,302.69
3411.6,302.81,302.82,302.78,302.72,302.66
3414.7,302.78,302.79,302.75,302.69,302.63
3417.8,302.74,302.75,302.72,302.66,302.6
3420.8,302.71,302.72,302.69,302.63,302.57
3423.9,302.68,302.69,302.66,302.6,302.54
3427,302.64,302.66,302.63,302.57,302.51
3430.1,302.61,302.62,302.6,302.54,302.49
3433.2,302.58,302.59,302.56,302.51,302.46
3436.2,302.54,302.56,302.53,302.48,302.43
3439.3,302.51,302.53,302.5,302.45,302.4
3442.4,302.48,302.5,302.47,302.42,302.37
3445.5,302.45,302.46,302.44,302.4,302.34
3448.5,302.42,302.43,302.41,302.37,302.31
3451.6,302.39,302.4,302.38,302.34,302.28
3454.7,302.35,302.37,302.35,302.31,302.26
3457.8,302.32,302.34,302.32,302.28,302.23
3460.8,302.29,302.31,302.29,302.25,302.2
3463.9,302.26,302.28,302.26,302.22,302.17
3467,302.23,302.25,302.23,302.19,302.14
3470.1,302.2,302.22,302.2,302.16,302.12
3473.2,302.17,302.19,302.17,302.13,302.09
3476.2,302.14,302.16,302.14,302.11,302.06
3479.3,302.11,302.13,302.11,302.08,302.03
3482.4,302.08,302.1,302.08,302.05,302
3485.5,302.05,302.07,302.06,302.02,301.98
3488.5,302.02,302.04,302.03,301.99,301.95
3491.6,301.99,302.01,302,301.97,301.92
3494.7,301.96,301.98,301.97,301.94,301.89
3497.8,301.93,301.95,301.94,301.91,301.87
3500.8,301.9,301.92,301.91,301.88,301.84
3503.9,301.87,301.89,301.88,301.85,301.81
3507,301.84,301.86,301.86,301.83,301.78
3510.1,301.81,301.83,301.83,301.8,301.76
3513.2,301.78,301.81,301.8,301.77,301.73
3516.2,301.76,301.78,301.77,301.74,301.7
3519.3,301.73,301.75,301.74,301.72,301.68
3522.4,301.7,301.72,301.72,301.69,301.65
3525.5,301.67,301.69,301.69,301.66,301.62
3528.5,301.64,301.66,301.66,301.63,301.6
3531.6,301.61,301.64,301.63,301.61,301.57
3534.7,301.59,301.61,301.61,301.58,301.54
3537.8,301.56,301.58,301.58,301.55,301.52
3540.8,301.53,301.55,301.55,301.53,301.49
3543.9,301.5,301.53,301.52,301.5,301.46
3547,301.48,301.5,301.5,301.47,301.44
3550.1,301.45,301.47,301.47,301.45,301.41
3553.2,301.42,301.44,301.44,301.42,301.39
3556.2,301.39,301.42,301.42,301.4,301.36
3559.3,301.37,301.39,301.39,301.37,301.33
3562.4,301.34,301.36,301.36,301.34,301.31
3565.5,301.31,301.34,301.34,301.32,301.28
3568.5,301.29,301.31,301.31,301.29,301.26
3571.6,301.26,301.28,301.28,301.27,301.23
3574.7,301.23,301.26,301.26,301.24,301.21
3577.8,301.21,301.23,301.23,301.21,301.18
3580.8,301.18,301.21,301.21,301.19,301.15
3583.9,301.16,301.18,301.18,301.16,301.13
3587,301.13,301.15,301.15,301.14,301.1
3590.1,301.1,301.13,301.13,301.11,301.08
3593.2,301.08,301.1,301.1,301.09,301.05
3596.2,301.05,301.08,301.08,301.06,301.03
3599.3,301.03,301.05,301.05,301.04,301
3602.4,301.6,301.03,301.03,301.01,300.98
3605.5,302.24,301.01,301,300.99,300.95
3608.5,302.74,301.01,300.98,300.96,300.93
3611.6,303.16,301.05,300.95,300.94,300.91
3614.7,303.52,301.11,300.93,300.91,300.88
3617.8,303.84,301.19,300.91,300.89,300.86
3620.8,304.14,301.28,300.9,300.86,300.83
3623.9,304.41,301.37,300.89,300.84,300.81
3627,304.67,301.48,300.89,300.82,300.78
3630.1,304.9,301.59,300.89,300.79,300.76
3633.2,305.13,301.69,300.9,300.77,300.74
3636.2,305.34,301.8,300.91,300.75,300.71
3639.3,305.54,301.91,300.93,300.73,300.69
3642.4,305.73,302.02,300.95,300.72,300.67
3645.5,305.92,302.13,300.98,300.7,300.64
3648.5,306.1,302.24,301.01,300.69,300.62
3651.6,306.27,302.35,301.04,300.68,300.6
3654.7,306.43,302.45,301.07,300.67,300.58
3657.8,306.59,302.56,301.1,300.66,300.56
3660.8,306.74,302.66,301.14,300.65,300.54
3663.9,306.89,302.76,301.18,300.65,300.52
3667,307.03,302.86,301.22,300.64,300.5
3670.1,307.17,302.96,301.26,300.64,300.49
3673.2,307.31,303.06,301.3,300.64,300.47
3676.2,307.44,303.16,301.34,300.64,300.46
3679.3,307.57,303.25,301.38,300.65,300.44
3682.4,307.69,303.34,301.43,300.65,300.43
3685.5,307.81,303.44,301.47,300.65,300.42
3688.5,307.93,303.53,301.52,300.66,300.41
3691.6,308.05,303.61,301.56,300.67,300.4
3694.7,308.16,303.7,301.61,300.68,300.39
3697.8,308.27,303.79,301.66,300.69,300.39
